{
  "name": "Bar Centro",
  "spent": 5457.0,
  "times": 53,
  "location": [
    57.705447,
    11.969766
  ]
}