{
  "name": "Bar Centro",
  "spent": 4927.0,
  "times": 51,
  "location": [
    57.705447,
    11.969766
  ]
}