{
  "name": "Bombay Street",
  "spent": 717.0,
  "times": 2,
  "location": [
    57.693698,
    11.989474
  ]
}