{
  "name": "Cafe Ragazzi",
  "spent": 345.0,
  "times": 2,
  "location": [
    59.335918,
    18.059252
  ]
}