{
  "name": "Carl's Deli",
  "spent": 435.0,
  "times": 3,
  "location": [
    59.334257,
    18.063021
  ]
}