{
  "name": "Djingis Khan",
  "spent": 290.0,
  "times": 2,
  "location": [
    59.336377,
    18.063073
  ]
}