{
  "name": "Haymarket",
  "spent": 430.0,
  "times": 2,
  "location": [
    59.334656,
    18.061438
  ]
}