{
  "name": "House of Vietnam",
  "spent": 600.0,
  "times": 5,
  "location": [
    57.709422,
    11.980116
  ]
}