{
  "name": "Joe And The Juice",
  "spent": 150.0,
  "times": 2,
  "location": [
    59.318923,
    18.071062
  ]
}