{
  "name": "Kafé Ritorno",
  "spent": 270.0,
  "times": 2,
  "location": [
    59.336319,
    18.048464
  ]
}