{
  "name": "Kimchistan",
  "spent": 324.0,
  "times": 2,
  "location": [
    59.333083,
    18.064476
  ]
}