{
  "name": "Mahogny",
  "spent": 136.0,
  "times": 3,
  "location": [
    57.707827,
    11.965388
  ]
}