{
  "name": "McDonald's",
  "spent": 314.0,
  "times": 4,
  "location": [
    59.317889,
    18.05361
  ]
}