{
  "name": "Nem Nem Quan",
  "spent": 417.0,
  "times": 2,
  "location": [
    59.334247,
    18.062669
  ]
}