{
  "name": "Omnipollos Hatt",
  "spent": 8484.5,
  "times": 29,
  "location": [
    59.318041,
    18.072196
  ]
}