{
  "name": "Omnipollos Hatt",
  "spent": 8694.5,
  "times": 30,
  "location": [
    59.318041,
    18.072196
  ]
}