{
  "name": "PWC",
  "spent": 285.0,
  "times": 2,
  "location": [
    59.337622,
    18.04086
  ]
}