{
  "name": "SEN Street Kitchen",
  "spent": 288.0,
  "times": 2,
  "location": [
    59.333376,
    18.054404
  ]
}