{
  "name": "Snø",
  "spent": 90.0,
  "times": 2,
  "location": [
    59.340793,
    18.04166
  ]
}