{
  "name": "Steamy Pho",
  "spent": 330.0,
  "times": 2,
  "location": [
    57.709426,
    11.985551
  ]
}