{
  "name": "Trattoria Da Pasquale",
  "spent": 1041.65,
  "times": 3,
  "location": [
    57.700095,
    11.984407
  ]
}