{
  "name": "Ullevi Thaikök",
  "spent": 2461.0,
  "times": 19,
  "location": [
    57.708449,
    11.986409
  ]
}