{
    "location": [
        57.706905,
        11.932676
    ],
    "name": "Aftonstjarnans",
    "times": 2,
    "spent": 170.0
}