{
  "name": "AI Ramen",
  "spent": 370.0,
  "times": 2,
  "location": [
    59.333392,
    18.057954
  ]
}