{
  "name": "AI Ramen",
  "spent": 535.0,
  "times": 3,
  "location": [
    59.333392,
    18.057954
  ]
}