{
    "location": [
        57.703553,
        11.96789
    ],
    "name": "Alexandras Grekiska Soppk\u00f6k",
    "times": 14,
    "spent": 1650.0
}