{
    "location": [
        57.703553,
        11.96789
    ],
    "name": "Alexandras Grekiska Soppk\u00f6k",
    "times": 22,
    "spent": 2530.0
}