{
  "name": "Amida",
  "spent": 340.0,
  "times": 2,
  "location": [
    59.314721,
    18.078432
  ]
}