{
  "name": "Amida",
  "spent": 623.0,
  "times": 4,
  "location": [
    59.314721,
    18.078432
  ]
}