{
  "name": "Amida",
  "spent": 464.0,
  "times": 3,
  "location": [
    59.314721,
    18.078432
  ]
}