{
  "name": "Amida",
  "spent": 788.0,
  "times": 5,
  "location": [
    59.314721,
    18.078432
  ]
}