{
  "name": "Aryam",
  "spent": 334.0,
  "times": 4,
  "location": [
    59.31845,
    18.070466
  ]
}