{
  "name": "Aryam",
  "spent": 383.0,
  "times": 5,
  "location": [
    59.31845,
    18.070466
  ]
}