{
  "name": "Aryam",
  "spent": 269.0,
  "times": 3,
  "location": [
    59.31845,
    18.070466
  ]
}