{
  "name": "Aryam",
  "spent": 432.0,
  "times": 6,
  "location": [
    59.31845,
    18.070466
  ]
}