{
    "location": [
        59.31845,
        18.070466
    ],
    "name": "Aryam",
    "times": 2,
    "spent": 174.0
}