{
    "location": [
        59.31845,
        18.070466
    ],
    "name": "Aryam",
    "times": 3,
    "spent": 269.0
}