{
    "location": [
        57.703682,
        11.968214
    ],
    "name": "Banh Mi Shop",
    "times": 5,
    "spent": 620.0
}