{
    "location": [
        57.703682,
        11.968214
    ],
    "name": "Banh Mi Shop",
    "times": 6,
    "spent": 760.0
}