{
    "location": [
        57.703682,
        11.968214
    ],
    "name": "Banh Mi Shop",
    "times": 2,
    "spent": 240.0
}