{
    "location": [
        57.703682,
        11.968214
    ],
    "name": "Banh Mi Shop",
    "times": 4,
    "spent": 515.0
}