{
    "location": [
        57.703682,
        11.968214
    ],
    "name": "Banh Mi Shop",
    "times": 3,
    "spent": 365.0
}