{
  "name": "Bar Centro",
  "spent": 8499.0,
  "times": 78,
  "location": [
    57.705447,
    11.969766
  ]
}