{
  "name": "Bar Centro",
  "spent": 9833.0,
  "times": 90,
  "location": [
    57.705447,
    11.969766
  ]
}