{
  "name": "Bar Centro",
  "spent": 6281.0,
  "times": 59,
  "location": [
    57.705447,
    11.969766
  ]
}