{
  "name": "Bar Etzy",
  "spent": 348.0,
  "times": 2,
  "location": [
    57.696018,
    11.95975
  ]
}