{
  "name": "Bar Centro",
  "spent": 5707.0,
  "times": 55,
  "location": [
    57.705447,
    11.969766
  ]
}