{
  "name": "Bar Centro",
  "spent": 8212.0,
  "times": 75,
  "location": [
    57.705447,
    11.969766
  ]
}