{
  "name": "Bar Centro",
  "spent": 7750.0,
  "times": 70,
  "location": [
    57.705447,
    11.969766
  ]
}