{
  "name": "Bar Centro",
  "spent": 7250.0,
  "times": 66,
  "location": [
    57.705447,
    11.969766
  ]
}