{
  "name": "Bar Centro",
  "spent": 8025.0,
  "times": 73,
  "location": [
    57.705447,
    11.969766
  ]
}