{
  "name": "Bar Centro",
  "spent": 9124.0,
  "times": 83,
  "location": [
    57.705447,
    11.969766
  ]
}