{
  "name": "Bar Centro",
  "spent": 6156.0,
  "times": 58,
  "location": [
    57.705447,
    11.969766
  ]
}