{
  "name": "Bar Centro",
  "spent": 6031.0,
  "times": 57,
  "location": [
    57.705447,
    11.969766
  ]
}