{
  "name": "Bar Centro",
  "spent": 10537.0,
  "times": 97,
  "location": [
    57.705447,
    11.969766
  ]
}