{
  "name": "Bar Centro",
  "spent": 9610.0,
  "times": 87,
  "location": [
    57.705447,
    11.969766
  ]
}