{
  "name": "Bar Centro",
  "spent": 8749.0,
  "times": 80,
  "location": [
    57.705447,
    11.969766
  ]
}