{
  "name": "Bar Centro",
  "spent": 7125.0,
  "times": 65,
  "location": [
    57.705447,
    11.969766
  ]
}