{
  "name": "Bar Centro",
  "spent": 7375.0,
  "times": 67,
  "location": [
    57.705447,
    11.969766
  ]
}