{
  "name": "Bar Centro",
  "spent": 5867.0,
  "times": 56,
  "location": [
    57.705447,
    11.969766
  ]
}