{
  "name": "Bar Centro",
  "spent": 6531.0,
  "times": 61,
  "location": [
    57.705447,
    11.969766
  ]
}