{
  "name": "Bar Centro",
  "spent": 10208.0,
  "times": 93,
  "location": [
    57.705447,
    11.969766
  ]
}