{
    "location": [
        57.705447,
        11.969766
    ],
    "name": "Bar Centro",
    "times": 96,
    "spent": 9819.0
}