{
    "location": [
        57.705447,
        11.969766
    ],
    "name": "Bar Centro",
    "times": 54,
    "spent": 5780.0
}