{
    "location": [
        57.705447,
        11.969766
    ],
    "name": "Bar Centro",
    "times": 4,
    "spent": 433.0
}