{
    "location": [
        57.696018,
        11.95975
    ],
    "name": "Bar Etzy",
    "times": 4,
    "spent": 348.0
}