{
    "location": [
        57.705447,
        11.969766
    ],
    "name": "Bar Centro",
    "times": 119,
    "spent": 11351.0
}