{
    "location": [
        57.705447,
        11.969766
    ],
    "name": "Bar Centro",
    "times": 26,
    "spent": 2658.0
}