{
    "location": [
        57.705447,
        11.969766
    ],
    "name": "Bar Centro",
    "times": 76,
    "spent": 7907.0
}