{
    "location": [
        57.705447,
        11.969766
    ],
    "name": "Bar Centro",
    "times": 19,
    "spent": 1949.0
}