{
    "location": [
        57.705447,
        11.969766
    ],
    "name": "Bar Centro",
    "times": 112,
    "spent": 10897.0
}