{
    "location": [
        57.705447,
        11.969766
    ],
    "name": "Bar Centro",
    "times": 27,
    "spent": 2783.0
}