{
    "location": [
        57.705447,
        11.969766
    ],
    "name": "Bar Centro",
    "times": 2,
    "spent": 152.0
}