{
    "location": [
        57.705447,
        11.969766
    ],
    "name": "Bar Centro",
    "times": 14,
    "spent": 1407.0
}