{
    "location": [
        57.705447,
        11.969766
    ],
    "name": "Bar Centro",
    "times": 11,
    "spent": 1208.0
}