{
    "location": [
        57.705447,
        11.969766
    ],
    "name": "Bar Centro",
    "times": 70,
    "spent": 7243.0
}