{
    "location": [
        57.705447,
        11.969766
    ],
    "name": "Bar Centro",
    "times": 91,
    "spent": 9406.0
}