{
    "location": [
        57.705447,
        11.969766
    ],
    "name": "Bar Centro",
    "times": 39,
    "spent": 4032.0
}