{
    "location": [
        57.705447,
        11.969766
    ],
    "name": "Bar Centro",
    "times": 116,
    "spent": 11141.0
}