{
    "location": [
        57.705447,
        11.969766
    ],
    "name": "Bar Centro",
    "times": 55,
    "spent": 5590.0
}