{
    "location": [
        57.705447,
        11.969766
    ],
    "name": "Bar Centro",
    "times": 79,
    "spent": 8117.0
}