{
    "location": [
        57.705447,
        11.969766
    ],
    "name": "Bar Centro",
    "times": 106,
    "spent": 10519.0
}