{
    "location": [
        57.705447,
        11.969766
    ],
    "name": "Bar Centro",
    "times": 21,
    "spent": 2105.0
}