{
    "location": [
        57.705447,
        11.969766
    ],
    "name": "Bar Centro",
    "times": 60,
    "spent": 6039.0
}