{
    "location": [
        57.705447,
        11.969766
    ],
    "name": "Bar Centro",
    "times": 3,
    "spent": 361.0
}