{
    "location": [
        57.705447,
        11.969766
    ],
    "name": "Bar Centro",
    "times": 93,
    "spent": 9573.0
}