{
    "location": [
        57.705447,
        11.969766
    ],
    "name": "Bar Centro",
    "times": 67,
    "spent": 6958.0
}