{
    "location": [
        57.705447,
        11.969766
    ],
    "name": "Bar Centro",
    "times": 52,
    "spent": 5530.0
}