{
    "location": [
        57.705447,
        11.969766
    ],
    "name": "Bar Centro",
    "times": 28,
    "spent": 2908.0
}