{
    "location": [
        57.705447,
        11.969766
    ],
    "name": "Bar Centro",
    "times": 75,
    "spent": 7731.0
}