{
    "location": [
        57.705447,
        11.969766
    ],
    "name": "Bar Centro",
    "times": 103,
    "spent": 10234.0
}