{
    "location": [
        57.705447,
        11.969766
    ],
    "name": "Bar Centro",
    "times": 25,
    "spent": 2582.0
}