{
    "location": [
        57.705447,
        11.969766
    ],
    "name": "Bar Centro",
    "times": 73,
    "spent": 7528.0
}