{
    "location": [
        57.705447,
        11.969766
    ],
    "name": "Bar Centro",
    "times": 45,
    "spent": 4811.0
}