{
    "location": [
        57.705447,
        11.969766
    ],
    "name": "Bar Centro",
    "times": 48,
    "spent": 5120.0
}