{
    "location": [
        57.705447,
        11.969766
    ],
    "name": "Bar Centro",
    "times": 97,
    "spent": 9891.0
}