{
    "location": [
        57.705447,
        11.969766
    ],
    "name": "Bar Centro",
    "times": 29,
    "spent": 3033.0
}