{
    "location": [
        57.705447,
        11.969766
    ],
    "name": "Bar Centro",
    "times": 38,
    "spent": 4007.0
}