{
    "location": [
        57.705447,
        11.969766
    ],
    "name": "Bar Centro",
    "times": 22,
    "spent": 2172.0
}