{
    "location": [
        57.705447,
        11.969766
    ],
    "name": "Bar Centro",
    "times": 95,
    "spent": 9733.0
}