{
    "location": [
        57.705447,
        11.969766
    ],
    "name": "Bar Centro",
    "times": 87,
    "spent": 9047.0
}