{
    "location": [
        57.705447,
        11.969766
    ],
    "name": "Bar Centro",
    "times": 107,
    "spent": 10556.0
}