{
    "location": [
        57.705447,
        11.969766
    ],
    "name": "Bar Centro",
    "times": 72,
    "spent": 7403.0
}