{
    "location": [
        57.705447,
        11.969766
    ],
    "name": "Bar Centro",
    "times": 64,
    "spent": 6669.0
}