{
    "location": [
        57.705447,
        11.969766
    ],
    "name": "Bar Centro",
    "times": 104,
    "spent": 10359.0
}