{
    "location": [
        57.705447,
        11.969766
    ],
    "name": "Bar Centro",
    "times": 31,
    "spent": 3283.0
}