{
    "location": [
        57.705447,
        11.969766
    ],
    "name": "Bar Centro",
    "times": 99,
    "spent": 10051.0
}