{
    "location": [
        57.705447,
        11.969766
    ],
    "name": "Bar Centro",
    "times": 61,
    "spent": 6164.0
}