{
    "location": [
        57.705447,
        11.969766
    ],
    "name": "Bar Centro",
    "times": 74,
    "spent": 7694.0
}