{
    "location": [
        57.705447,
        11.969766
    ],
    "name": "Bar Centro",
    "times": 92,
    "spent": 9531.0
}