{
    "location": [
        57.705447,
        11.969766
    ],
    "name": "Bar Centro",
    "times": 13,
    "spent": 1370.0
}