{
    "location": [
        57.705447,
        11.969766
    ],
    "name": "Bar Centro",
    "times": 111,
    "spent": 10825.0
}