{
    "location": [
        57.705447,
        11.969766
    ],
    "name": "Bar Centro",
    "times": 77,
    "spent": 7967.0
}