{
    "location": [
        57.705447,
        11.969766
    ],
    "name": "Bar Centro",
    "times": 114,
    "spent": 11036.0
}