{
    "location": [
        57.705447,
        11.969766
    ],
    "name": "Bar Centro",
    "times": 69,
    "spent": 7118.0
}