{
    "location": [
        57.705447,
        11.969766
    ],
    "name": "Bar Centro",
    "times": 101,
    "spent": 10125.0
}