{
    "location": [
        57.705447,
        11.969766
    ],
    "name": "Bar Centro",
    "times": 82,
    "spent": 8492.0
}