{
    "location": [
        57.705447,
        11.969766
    ],
    "name": "Bar Centro",
    "times": 90,
    "spent": 9369.0
}