{
    "location": [
        57.705447,
        11.969766
    ],
    "name": "Bar Centro",
    "times": 24,
    "spent": 2422.0
}