{
    "location": [
        57.705447,
        11.969766
    ],
    "name": "Bar Centro",
    "times": 46,
    "spent": 4936.0
}