{
    "location": [
        57.705447,
        11.969766
    ],
    "name": "Bar Centro",
    "times": 84,
    "spent": 8672.0
}