{
    "location": [
        57.705447,
        11.969766
    ],
    "name": "Bar Centro",
    "times": 12,
    "spent": 1333.0
}