{
    "location": [
        57.705447,
        11.969766
    ],
    "name": "Bar Centro",
    "times": 53,
    "spent": 5655.0
}