{
    "location": [
        57.705447,
        11.969766
    ],
    "name": "Bar Centro",
    "times": 42,
    "spent": 4436.0
}