{
    "location": [
        57.705447,
        11.969766
    ],
    "name": "Bar Centro",
    "times": 6,
    "spent": 583.0
}