{
    "location": [
        57.705447,
        11.969766
    ],
    "name": "Bar Centro",
    "times": 118,
    "spent": 11246.0
}