{
    "location": [
        57.705447,
        11.969766
    ],
    "name": "Bar Centro",
    "times": 89,
    "spent": 9209.0
}