{
    "location": [
        57.696018,
        11.95975
    ],
    "name": "Bar Etzy",
    "times": 3,
    "spent": 487.0
}