{
    "location": [
        57.705447,
        11.969766
    ],
    "name": "Bar Centro",
    "times": 30,
    "spent": 3158.0
}