{
    "location": [
        57.705447,
        11.969766
    ],
    "name": "Bar Centro",
    "times": 37,
    "spent": 3882.0
}