{
    "location": [
        57.705447,
        11.969766
    ],
    "name": "Bar Centro",
    "times": 109,
    "spent": 10751.0
}