{
    "location": [
        57.705447,
        11.969766
    ],
    "name": "Bar Centro",
    "times": 44,
    "spent": 4686.0
}