{
    "location": [
        57.705447,
        11.969766
    ],
    "name": "Bar Centro",
    "times": 36,
    "spent": 3757.0
}