{
    "location": [
        57.705447,
        11.969766
    ],
    "name": "Bar Centro",
    "times": 62,
    "spent": 6499.0
}