{
    "location": [
        57.705447,
        11.969766
    ],
    "name": "Bar Centro",
    "times": 18,
    "spent": 1824.0
}