{
    "location": [
        57.705447,
        11.969766
    ],
    "name": "Bar Centro",
    "times": 117,
    "spent": 11176.0
}