{
  "name": "Bar Centro",
  "spent": 10699.0,
  "times": 99,
  "location": [
    57.705447,
    11.969766
  ]
}