{
    "location": [
        57.705447,
        11.969766
    ],
    "name": "Bar Centro",
    "times": 5,
    "spent": 458.0
}