{
    "location": [
        57.705447,
        11.969766
    ],
    "name": "Bar Centro",
    "times": 57,
    "spent": 5754.0
}