{
    "location": [
        57.705447,
        11.969766
    ],
    "name": "Bar Centro",
    "times": 115,
    "spent": 10699.0
}