{
    "location": [
        57.705447,
        11.969766
    ],
    "name": "Bar Centro",
    "times": 59,
    "spent": 5914.0
}