{
    "location": [
        57.705447,
        11.969766
    ],
    "name": "Bar Centro",
    "times": 43,
    "spent": 4561.0
}