{
    "location": [
        57.705447,
        11.969766
    ],
    "name": "Bar Centro",
    "times": 49,
    "spent": 5245.0
}