{
    "location": [
        57.696018,
        11.95975
    ],
    "name": "Bar Etzy",
    "times": 2,
    "spent": 313.0
}