{
    "location": [
        57.705447,
        11.969766
    ],
    "name": "Bar Centro",
    "times": 120,
    "spent": 11414.0
}