{
    "location": [
        57.705447,
        11.969766
    ],
    "name": "Bar Centro",
    "times": 86,
    "spent": 8922.0
}