{
    "location": [
        57.705447,
        11.969766
    ],
    "name": "Bar Centro",
    "times": 81,
    "spent": 8367.0
}