{
    "location": [
        57.705447,
        11.969766
    ],
    "name": "Bar Centro",
    "times": 102,
    "spent": 10162.0
}