{
  "name": "Belgobaren",
  "spent": 298.0,
  "times": 2,
  "location": [
    59.332907,
    18.058313
  ]
}