{
    "location": [
        57.701492,
        11.956397
    ],
    "name": "Bennys Bar & Slice Shop",
    "times": 2,
    "spent": 243.49
}