{
    "location": [
        57.692734,
        11.949853
    ],
    "name": "Berlin Doner",
    "times": 3,
    "spent": 465.0
}