{
    "location": [
        57.692734,
        11.949853
    ],
    "name": "Berlin Doner",
    "times": 4,
    "spent": 637.25
}