{
    "location": [
        57.692734,
        11.949853
    ],
    "name": "Berlin Doner",
    "times": 5,
    "spent": 797.25
}