{
    "location": [
        57.692734,
        11.949853
    ],
    "name": "Berlin Doner",
    "times": 6,
    "spent": 940.5
}