{
    "location": [
        57.692734,
        11.949853
    ],
    "name": "Berlin Doner",
    "times": 2,
    "spent": 255.0
}