{
    "location": [
        57.693569,
        11.956427
    ],
    "name": "Big Bird",
    "times": 3,
    "spent": 544.05
}