{
    "location": [
        57.693569,
        11.956427
    ],
    "name": "Big Bird",
    "times": 5,
    "spent": 1252.05
}