{
    "location": [
        57.693569,
        11.956427
    ],
    "name": "Big Bird",
    "times": 4,
    "spent": 1166.5
}