{
    "location": [
        57.693569,
        11.956427
    ],
    "name": "Big Bird",
    "times": 2,
    "spent": 893.5
}