{
    "location": [
        56.952928,
        24.119861
    ],
    "name": "Bistro Vermantitis",
    "times": 2,
    "spent": 355.784210526316
}