{
    "location": [
        56.952928,
        24.119861
    ],
    "name": "Bistro Vermantitis",
    "times": 3,
    "spent": 355.784210526842
}