{
    "location": [
        57.71711,
        11.929223
    ],
    "name": "Bizen",
    "times": 2,
    "spent": 390.0
}