{
    "location": [
        57.71711,
        11.929223
    ],
    "name": "Bizen",
    "times": 3,
    "spent": 615.0
}