{
    "location": [
        57.71711,
        11.929223
    ],
    "name": "Bizen",
    "times": 4,
    "spent": 800.0
}