{
    "location": [
        57.700628,
        11.947046
    ],
    "name": "BodyBuddy",
    "times": 3,
    "spent": 860.71
}