{
    "location": [
        57.700628,
        11.947046
    ],
    "name": "BodyBuddy",
    "times": 5,
    "spent": 1347.56
}