{
    "location": [
        57.699382,
        11.951487
    ],
    "name": "Bombay",
    "times": 2,
    "spent": 448.0
}