{
    "location": [
        57.693698,
        11.989474
    ],
    "name": "Bombay Street",
    "times": 2,
    "spent": 717.0
}