{
    "location": [
        57.692549,
        11.951397
    ],
    "name": "Borgskogs",
    "times": 19,
    "spent": 4382.8
}