{
    "location": [
        57.692549,
        11.951397
    ],
    "name": "Borgskogs",
    "times": 22,
    "spent": 5186.75
}