{
    "location": [
        57.692549,
        11.951397
    ],
    "name": "Borgskogs",
    "times": 8,
    "spent": 1903.9
}