{
    "location": [
        57.692549,
        11.951397
    ],
    "name": "Borgskogs",
    "times": 26,
    "spent": 5564.13
}