{
    "location": [
        57.692549,
        11.951397
    ],
    "name": "Borgskogs",
    "times": 21,
    "spent": 4919.6
}