{
    "location": [
        57.692549,
        11.951397
    ],
    "name": "Borgskogs",
    "times": 5,
    "spent": 1049.65
}