{
    "location": [
        57.692549,
        11.951397
    ],
    "name": "Borgskogs",
    "times": 37,
    "spent": 7782.8
}