{
    "location": [
        57.692549,
        11.951397
    ],
    "name": "Borgskogs",
    "times": 23,
    "spent": 5276.75
}