{
    "location": [
        57.692549,
        11.951397
    ],
    "name": "Borgskogs",
    "times": 29,
    "spent": 6050.91
}