{
    "location": [
        57.692549,
        11.951397
    ],
    "name": "Borgskogs",
    "times": 25,
    "spent": 5461.65
}