{
    "location": [
        57.692549,
        11.951397
    ],
    "name": "Borgskogs",
    "times": 14,
    "spent": 3067.2
}