{
    "location": [
        57.692549,
        11.951397
    ],
    "name": "Borgskogs",
    "times": 11,
    "spent": 2327.7
}