{
    "location": [
        57.692549,
        11.951397
    ],
    "name": "Borgskogs",
    "times": 30,
    "spent": 6343.71
}