{
    "location": [
        57.692549,
        11.951397
    ],
    "name": "Borgskogs",
    "times": 15,
    "spent": 3492.3
}