{
    "location": [
        57.692549,
        11.951397
    ],
    "name": "Borgskogs",
    "times": 24,
    "spent": 5406.75
}