{
    "location": [
        57.692549,
        11.951397
    ],
    "name": "Borgskogs",
    "times": 2,
    "spent": 398.65
}