{
    "location": [
        57.692549,
        11.951397
    ],
    "name": "Borgskogs",
    "times": 32,
    "spent": 6822.27
}