{
    "location": [
        57.692549,
        11.951397
    ],
    "name": "Borgskogs",
    "times": 16,
    "spent": 3869.95
}