{
    "location": [
        57.699522,
        11.952816
    ],
    "name": "Burger King - J\u00e4rntorget",
    "times": 5,
    "spent": 252.8
}