{
    "location": [
        57.699522,
        11.952816
    ],
    "name": "Burger King - J\u00e4rntorget",
    "times": 6,
    "spent": 296.8
}