{
    "location": [
        50.219706,
        12.879045
    ],
    "name": "Cafe Pupp",
    "times": 4,
    "spent": 734.8188443235898
}