{
    "location": [
        50.219706,
        12.879045
    ],
    "name": "Cafe Pupp",
    "times": 3,
    "spent": 580.8175521064309
}