{
    "location": [
        50.219706,
        12.879045
    ],
    "name": "Cafe Pupp",
    "times": 2,
    "spent": 417.14841685144154
}