{
    "location": [
        50.219706,
        12.879045
    ],
    "name": "Cafe Pupp",
    "times": 5,
    "spent": 800.590071918206
}