{
    "location": [
        50.219706,
        12.879045
    ],
    "name": "Cafe Pupp",
    "times": 4,
    "spent": 729.1587871396903
}