{
  "name": "Carl's Deli",
  "spent": 290.0,
  "times": 2,
  "location": [
    59.334257,
    18.063021
  ]
}