{
    "location": [
        57.698036,
        11.960528
    ],
    "name": "Che Argento",
    "times": 2,
    "spent": 308.0
}