{
    "location": [
        40.766412,
        -73.986528
    ],
    "name": "Coffee Project NY",
    "times": 2,
    "spent": 332.01523333333296
}