{
    "location": [
        57.696215,
        11.950183
    ],
    "name": "Com",
    "times": 2,
    "spent": 487.0
}