{
  "name": "D'abramo",
  "spent": 208.0,
  "times": 4,
  "location": [
    59.334457,
    18.056224
  ]
}