{
  "name": "D'abramo",
  "spent": 143.0,
  "times": 3,
  "location": [
    59.334457,
    18.056224
  ]
}