{
  "name": "D'abramo",
  "spent": 282.0,
  "times": 6,
  "location": [
    59.334457,
    18.056224
  ]
}