{
  "name": "D'abramo",
  "spent": 245.0,
  "times": 5,
  "location": [
    59.334457,
    18.056224
  ]
}