{
  "name": "D'abramo",
  "spent": 78.0,
  "times": 2,
  "location": [
    59.334457,
    18.056224
  ]
}