{
    "location": [
        57.699326,
        11.951237
    ],
    "name": "Dirty Records",
    "times": 7,
    "spent": 1242.0
}