{
    "location": [
        57.699326,
        11.951237
    ],
    "name": "Dirty Records",
    "times": 12,
    "spent": 3215.4425
}