{
    "location": [
        57.699326,
        11.951237
    ],
    "name": "Dirty Records",
    "times": 4,
    "spent": 424.0
}