{
    "location": [
        57.699326,
        11.951237
    ],
    "name": "Dirty Records",
    "times": 5,
    "spent": 1001.15
}