{
    "location": [
        57.699326,
        11.951237
    ],
    "name": "Dirty Records",
    "times": 9,
    "spent": 2295.0
}