{
    "location": [
        57.699326,
        11.951237
    ],
    "name": "Dirty Records",
    "times": 11,
    "spent": 3223.3925
}