{
    "location": [
        57.699326,
        11.951237
    ],
    "name": "Dirty Records",
    "times": 14,
    "spent": 3665.8925
}