{
    "location": [
        57.699326,
        11.951237
    ],
    "name": "Dirty Records",
    "times": 10,
    "spent": 3034.45
}