{
    "location": [
        57.699326,
        11.951237
    ],
    "name": "Dirty Records",
    "times": 2,
    "spent": 126.0
}