{
  "name": "Dirty Records",
  "spent": 126.0,
  "times": 2,
  "location": [
    57.699326,
    11.951237
  ]
}