{
    "location": [
        57.699326,
        11.951237
    ],
    "name": "Dirty Records",
    "times": 8,
    "spent": 2042.0
}