{
    "location": [
        57.699326,
        11.951237
    ],
    "name": "Dirty Records",
    "times": 6,
    "spent": 1295.6
}