{
    "location": [
        57.699326,
        11.951237
    ],
    "name": "Dirty Records",
    "times": 13,
    "spent": 3258.3425
}