{
    "location": [
        59.316889,
        18.062711
    ],
    "name": "DropCoffee",
    "times": 2,
    "spent": 137.0
}