{
    "location": [
        57.695692,
        11.951276
    ],
    "name": "Dua Ragazzi",
    "times": 2,
    "spent": 1089.66
}