{
    "location": [
        57.705322,
        11.967964
    ],
    "name": "EDO Sushi",
    "times": 2,
    "spent": 238.0
}