{
    "location": [
        57.695582,
        11.922782
    ],
    "name": "Efessos",
    "times": 2,
    "spent": 791.3
}