{
    "location": [
        57.692714,
        11.955475
    ],
    "name": "Egg And Milk",
    "times": 6,
    "spent": 958.9200000000001
}