{
    "location": [
        57.692714,
        11.955475
    ],
    "name": "Egg And Milk",
    "times": 5,
    "spent": 759.45
}