{
    "location": [
        57.692714,
        11.955475
    ],
    "name": "Egg And Milk",
    "times": 4,
    "spent": 559.98
}