{
    "location": [
        57.704175,
        11.963435
    ],
    "name": "Escacito",
    "times": 2,
    "spent": 183.77
}