{
    "location": [
        57.708039,
        11.98596
    ],
    "name": "Evolushi",
    "times": 2,
    "spent": 310.0
}