{
    "location": [
        57.708039,
        11.98596
    ],
    "name": "Evolushi",
    "times": 3,
    "spent": 526.0
}