{
  "name": "Evolushi",
  "spent": 371.0,
  "times": 2,
  "location": [
    57.708039,
    11.98596
  ]
}