{
  "name": "Evolushi",
  "spent": 526.0,
  "times": 3,
  "location": [
    57.708039,
    11.98596
  ]
}