{
    "location": [
        57.708039,
        11.98596
    ],
    "name": "Evolushi",
    "times": 4,
    "spent": 681.0
}