{
    "location": [
        59.309401,
        18.075404
    ],
    "name": "Falafelbaren - G\u00f6tgatan",
    "times": 2,
    "spent": 255.0
}