{
  "name": "Falloumi",
  "spent": 732.0,
  "times": 5,
  "location": [
    59.308163,
    18.077789
  ]
}