{
    "location": [
        59.308163,
        18.077789
    ],
    "name": "Falloumi",
    "times": 2,
    "spent": 310.0
}