{
  "name": "Falloumi",
  "spent": 852.0,
  "times": 6,
  "location": [
    59.308163,
    18.077789
  ]
}