{
  "name": "Falloumi",
  "spent": 592.0,
  "times": 4,
  "location": [
    59.308163,
    18.077789
  ]
}