{
  "name": "Falloumi",
  "spent": 310.0,
  "times": 2,
  "location": [
    59.308163,
    18.077789
  ]
}