{
  "name": "Falloumi",
  "spent": 450.0,
  "times": 3,
  "location": [
    59.308163,
    18.077789
  ]
}