{
  "name": "Fang Yuan Shi Wu",
  "spent": 780.0,
  "times": 6,
  "location": [
    59.310311,
    18.082277
  ]
}