{
  "name": "Fang Yuan Shi Wu",
  "spent": 387.0,
  "times": 3,
  "location": [
    59.310311,
    18.082277
  ]
}