{
  "name": "Fang Yuan Shi Wu",
  "spent": 258.0,
  "times": 2,
  "location": [
    59.310311,
    18.082277
  ]
}