{
  "name": "Fang Yuan Shi Wu",
  "spent": 645.0,
  "times": 5,
  "location": [
    59.310311,
    18.082277
  ]
}