{
  "name": "Fang Yuan Shi Wu",
  "spent": 516.0,
  "times": 4,
  "location": [
    59.310311,
    18.082277
  ]
}