{
    "location": [
        57.697161,
        11.95736
    ],
    "name": "Firos Crep",
    "times": 26,
    "spent": 2821.5
}