{
    "location": [
        57.697161,
        11.95736
    ],
    "name": "Firos Crep",
    "times": 33,
    "spent": 3250.0
}