{
    "location": [
        57.697161,
        11.95736
    ],
    "name": "Firos Crep",
    "times": 18,
    "spent": 2022.0
}