{
    "location": [
        57.697161,
        11.95736
    ],
    "name": "Firos Crep",
    "times": 32,
    "spent": 3160.0
}