{
    "location": [
        57.697161,
        11.95736
    ],
    "name": "Firos Crep",
    "times": 31,
    "spent": 3170.0
}