{
    "location": [
        57.697161,
        11.95736
    ],
    "name": "Firos Crep",
    "times": 30,
    "spent": 3208.5
}