{
    "location": [
        57.697161,
        11.95736
    ],
    "name": "Firos Creperie",
    "times": 31,
    "spent": 2977.6
}