{
    "location": [
        57.697161,
        11.95736
    ],
    "name": "Firos Crep",
    "times": 9,
    "spent": 980.0
}