{
    "location": [
        57.697161,
        11.95736
    ],
    "name": "Firos Crep",
    "times": 20,
    "spent": 2229.0
}