{
    "location": [
        57.697161,
        11.95736
    ],
    "name": "Firos Crep",
    "times": 25,
    "spent": 2704.5
}