{
    "location": [
        57.697161,
        11.95736
    ],
    "name": "Firos Crep",
    "times": 28,
    "spent": 2900.0
}