{
    "location": [
        57.697161,
        11.95736
    ],
    "name": "Firos Crep",
    "times": 11,
    "spent": 1345.0
}