{
    "location": [
        57.697161,
        11.95736
    ],
    "name": "Firos Crep",
    "times": 14,
    "spent": 1639.5
}