{
    "location": [
        57.697161,
        11.95736
    ],
    "name": "Firos Creperie",
    "times": 26,
    "spent": 2476.1
}