{
    "location": [
        57.697161,
        11.95736
    ],
    "name": "Firos Creperie",
    "times": 34,
    "spent": 3239.2
}