{
    "location": [
        57.697161,
        11.95736
    ],
    "name": "Firos Crep",
    "times": 12,
    "spent": 1525.0
}