{
    "location": [
        57.697161,
        11.95736
    ],
    "name": "Firos Crep",
    "times": 21,
    "spent": 2376.0
}