{
    "location": [
        57.697161,
        11.95736
    ],
    "name": "Firos Crep",
    "times": 4,
    "spent": 385.0
}