{
    "location": [
        57.697161,
        11.95736
    ],
    "name": "Firos Crep",
    "times": 10,
    "spent": 1255.0
}