{
    "location": [
        57.697161,
        11.95736
    ],
    "name": "Firos Crep",
    "times": 19,
    "spent": 2112.0
}