{
    "location": [
        57.697161,
        11.95736
    ],
    "name": "Firos Crep",
    "times": 29,
    "spent": 3118.5
}