{
    "location": [
        57.697161,
        11.95736
    ],
    "name": "Firos Crep",
    "times": 22,
    "spent": 2436.0
}