{
    "location": [
        57.697161,
        11.95736
    ],
    "name": "Firos Crep",
    "times": 2,
    "spent": 150.0
}