{
    "location": [
        57.697161,
        11.95736
    ],
    "name": "Firos Crep",
    "times": 5,
    "spent": 475.0
}