{
    "location": [
        57.697161,
        11.95736
    ],
    "name": "Firos Crep",
    "times": 27,
    "spent": 2938.5
}