{
    "location": [
        57.697161,
        11.95736
    ],
    "name": "Firos Creperie",
    "times": 30,
    "spent": 2877.6
}