{
    "location": [
        57.697161,
        11.95736
    ],
    "name": "Firos Creperie",
    "times": 35,
    "spent": 3356.2
}