{
    "location": [
        57.699239,
        11.951854
    ],
    "name": "Forida's",
    "times": 4,
    "spent": 210.2
}