{
    "location": [
        57.699239,
        11.951854
    ],
    "name": "Forida's",
    "times": 3,
    "spent": 176.65
}