{
    "location": [
        57.699239,
        11.951854
    ],
    "name": "Forida's",
    "times": 2,
    "spent": 97.35
}