{
    "location": [
        57.708635,
        11.965104
    ],
    "name": "Gansu K\u00f6ket",
    "times": 16,
    "spent": 2138.0
}