{
  "name": "Gansu Köket",
  "spent": 1566.0,
  "times": 12,
  "location": [
    57.708635,
    11.965104
  ]
}