{
    "location": [
        57.711629,
        11.945064
    ],
    "name": "Gansu K\u00f6ket - Lindholmen",
    "times": 11,
    "spent": 1529.0
}