{
  "name": "Gansu Köket",
  "spent": 2511.0,
  "times": 19,
  "location": [
    57.708635,
    11.965104
  ]
}