{
  "name": "Gansu Köket",
  "spent": 778.0,
  "times": 6,
  "location": [
    57.708635,
    11.965104
  ]
}