{
  "name": "Gansu Köket",
  "spent": 913.0,
  "times": 7,
  "location": [
    57.708635,
    11.965104
  ]
}