{
  "name": "Gansu Köket",
  "spent": 1836.0,
  "times": 14,
  "location": [
    57.708635,
    11.965104
  ]
}