{
  "name": "Gansu Köket",
  "spent": 2241.0,
  "times": 17,
  "location": [
    57.708635,
    11.965104
  ]
}