{
  "name": "Gansu Köket",
  "spent": 2106.0,
  "times": 16,
  "location": [
    57.708635,
    11.965104
  ]
}