{
  "name": "Gansu Köket",
  "spent": 2646.0,
  "times": 20,
  "location": [
    57.708635,
    11.965104
  ]
}