{
  "name": "Gansu Köket",
  "spent": 1318.0,
  "times": 10,
  "location": [
    57.708635,
    11.965104
  ]
}