{
  "name": "Gansu Köket",
  "spent": 1048.0,
  "times": 8,
  "location": [
    57.708635,
    11.965104
  ]
}