{
  "name": "Gansu Köket",
  "spent": 2781.0,
  "times": 21,
  "location": [
    57.708635,
    11.965104
  ]
}