{
    "location": [
        57.711629,
        11.945064
    ],
    "name": "Gansu Koket Lindholmen",
    "times": 11,
    "spent": 1427.0
}