{
    "location": [
        57.708635,
        11.965104
    ],
    "name": "Gansu K\u00f6ket",
    "times": 7,
    "spent": 945.0
}