{
    "location": [
        57.708635,
        11.965104
    ],
    "name": "Gansu K\u00f6ket",
    "times": 19,
    "spent": 2527.0
}