{
  "name": "Gansu Köket",
  "spent": 1183.0,
  "times": 9,
  "location": [
    57.708635,
    11.965104
  ]
}