{
    "location": [
        57.711629,
        11.945064
    ],
    "name": "Gansu Koket Lindholmen",
    "times": 10,
    "spent": 1298.0
}