{
    "location": [
        57.692677,
        11.955287
    ],
    "name": "Geisha Sushi",
    "times": 18,
    "spent": 3347.5
}