{
    "location": [
        57.692677,
        11.955287
    ],
    "name": "Geisha Sushi",
    "times": 23,
    "spent": 4317.45
}