{
    "location": [
        57.692677,
        11.955287
    ],
    "name": "Geisha Sushi",
    "times": 4,
    "spent": 1004.0
}