{
    "location": [
        57.692677,
        11.955287
    ],
    "name": "Geisha Sushi",
    "times": 7,
    "spent": 1852.0
}