{
    "location": [
        57.692677,
        11.955287
    ],
    "name": "Geisha Sushi",
    "times": 3,
    "spent": 719.0
}