{
    "location": [
        57.703553,
        11.96789
    ],
    "name": "Gelaterian G\u00f6teborg",
    "times": 15,
    "spent": 882.0
}