{
    "location": [
        57.698302,
        11.951306
    ],
    "name": "Gerd",
    "times": 3,
    "spent": 359.0
}