{
    "location": [
        57.698302,
        11.951306
    ],
    "name": "Gerd",
    "times": 23,
    "spent": 1616.85
}