{
    "location": [
        57.698302,
        11.951306
    ],
    "name": "Gerd",
    "times": 10,
    "spent": 1021.95
}