{
    "location": [
        57.698302,
        11.951306
    ],
    "name": "Gerd",
    "times": 11,
    "spent": 1085.65
}