{
    "location": [
        57.698302,
        11.951306
    ],
    "name": "Gerd",
    "times": 5,
    "spent": 591.0
}