{
    "location": [
        57.698302,
        11.951306
    ],
    "name": "Gerd",
    "times": 15,
    "spent": 1326.02
}