{
    "location": [
        57.698302,
        11.951306
    ],
    "name": "Gerd",
    "times": 4,
    "spent": 561.0
}