{
    "location": [
        57.698302,
        11.951306
    ],
    "name": "Gerd",
    "times": 16,
    "spent": 1339.22
}