{
    "location": [
        57.698302,
        11.951306
    ],
    "name": "Gerd",
    "times": 12,
    "spent": 1181.83
}