{
    "location": [
        57.698302,
        11.951306
    ],
    "name": "Gerd",
    "times": 6,
    "spent": 620.05
}