{
    "location": [
        57.698302,
        11.951306
    ],
    "name": "Gerd",
    "times": 24,
    "spent": 1691.13
}