{
    "location": [
        57.698302,
        11.951306
    ],
    "name": "Gerd",
    "times": 9,
    "spent": 948.95
}