{
    "location": [
        57.698302,
        11.951306
    ],
    "name": "Gerd",
    "times": 8,
    "spent": 798.15
}