{
    "location": [
        57.698302,
        11.951306
    ],
    "name": "Gerd",
    "times": 14,
    "spent": 1275.39
}