{
    "location": [
        57.702785,
        11.963998
    ],
    "name": "Gourmetkorv",
    "times": 3,
    "spent": 451.0
}