{
    "location": [
        57.702785,
        11.963998
    ],
    "name": "Gourmetkorv",
    "times": 2,
    "spent": 245.0
}