{
  "name": "Gourmetkorv",
  "spent": 493.0,
  "times": 4,
  "location": [
    57.702785,
    11.963998
  ]
}