{
    "location": [
        57.702785,
        11.963998
    ],
    "name": "Gourmetkorv",
    "times": 4,
    "spent": 493.0
}