{
    "location": [
        57.692369,
        11.954439
    ],
    "name": "Gyllene Prag",
    "times": 2,
    "spent": 1143.75
}