{
  "name": "Günter's korvar",
  "spent": 275.0,
  "times": 3,
  "location": [
    59.342537,
    18.032653
  ]
}