{
  "name": "Günter's korvar",
  "spent": 200.0,
  "times": 2,
  "location": [
    59.342537,
    18.032653
  ]
}