{
  "name": "Hagabions Cafe",
  "spent": 3096.0,
  "times": 11,
  "location": [
    57.696563,
    11.95073
  ]
}