{
    "location": [
        57.696563,
        11.95073
    ],
    "name": "Hagabions Cafe",
    "times": 2,
    "spent": 1123.98
}