{
  "name": "Hagabions Cafe",
  "spent": 4420.0,
  "times": 15,
  "location": [
    57.696563,
    11.95073
  ]
}