{
    "location": [
        57.696563,
        11.95073
    ],
    "name": "Hagabions Cafe",
    "times": 13,
    "spent": 4877.6881395
}