{
    "location": [
        57.696563,
        11.95073
    ],
    "name": "Hagabions Cafe",
    "times": 20,
    "spent": 6364.0
}