{
  "name": "Hagabions Cafe",
  "spent": 4100.0,
  "times": 14,
  "location": [
    57.696563,
    11.95073
  ]
}