{
  "name": "Hagabions Cafe",
  "spent": 2535.0,
  "times": 9,
  "location": [
    57.696563,
    11.95073
  ]
}