{
    "location": [
        57.696563,
        11.95073
    ],
    "name": "Hagabions Cafe",
    "times": 18,
    "spent": 6315.0
}