{
  "name": "Hagabions Cafe",
  "spent": 2851.0,
  "times": 10,
  "location": [
    57.696563,
    11.95073
  ]
}