{
  "name": "Hagabions Cafe",
  "spent": 3403.0,
  "times": 12,
  "location": [
    57.696563,
    11.95073
  ]
}