{
  "name": "Hagabions Cafe",
  "spent": 4795.0,
  "times": 16,
  "location": [
    57.696563,
    11.95073
  ]
}