{
  "name": "Hagabions Cafe",
  "spent": 3790.0,
  "times": 13,
  "location": [
    57.696563,
    11.95073
  ]
}