{
    "location": [
        57.709422,
        11.980116
    ],
    "name": "House of Vietnam",
    "times": 4,
    "spent": 480.0
}