{
    "location": [
        57.709422,
        11.980116
    ],
    "name": "House of Vietnam",
    "times": 5,
    "spent": 600.0
}