{
    "location": [
        57.699405,
        11.935068
    ],
    "name": "Hoze",
    "times": 2,
    "spent": 9500.0
}