{
  "name": "Hoze",
  "spent": 9500.0,
  "times": 2,
  "location": [
    57.699405,
    11.935068
  ]
}