{
    "location": [
        57.694338,
        11.955882
    ],
    "name": "Human Restaurang",
    "times": 2,
    "spent": 2767.8684062362645
}