{
  "name": "ilcaffè",
  "spent": 259.0,
  "times": 4,
  "location": [
    59.312661,
    18.081021
  ]
}