{
    "location": [
        59.312661,
        18.081021
    ],
    "name": "ilcaff\u00e8",
    "times": 6,
    "spent": 259.0
}