{
    "location": [
        59.312661,
        18.081021
    ],
    "name": "ilcaff\u00e8",
    "times": 3,
    "spent": 130.0
}