{
  "name": "ilcaffè",
  "spent": 377.0,
  "times": 5,
  "location": [
    59.312661,
    18.081021
  ]
}