{
  "name": "Indiska Källaren",
  "spent": 930.0,
  "times": 7,
  "location": [
    59.308648,
    18.077166
  ]
}