{
  "name": "Indio Kitchen",
  "spent": 438.0,
  "times": 2,
  "location": [
    59.314665,
    18.083247
  ]
}