{
    "location": [
        59.308648,
        18.077166
    ],
    "name": "Indiska K\u00e4llaren",
    "times": 4,
    "spent": 538.0
}