{
  "name": "Indiska Källaren",
  "spent": 672.0,
  "times": 5,
  "location": [
    59.308648,
    18.077166
  ]
}