{
  "name": "Indiska Källaren",
  "spent": 538.0,
  "times": 4,
  "location": [
    59.308648,
    18.077166
  ]
}