{
    "location": [
        59.308648,
        18.077166
    ],
    "name": "Indiska K\u00e4llaren",
    "times": 2,
    "spent": 274.0
}