{
  "name": "Indiska Källaren",
  "spent": 796.0,
  "times": 6,
  "location": [
    59.308648,
    18.077166
  ]
}