{
    "location": [
        57.720618,
        11.971765
    ],
    "name": "Ivans Pilsner",
    "times": 2,
    "spent": 825.75
}