{
    "location": [
        57.705545,
        11.968347
    ],
    "name": "Joe & The Juice - G\u00f6teborg",
    "times": 3,
    "spent": 314.2
}