{
    "location": [
        59.318803,
        18.071292
    ],
    "name": "Joe & The Juice",
    "times": 6,
    "spent": 790.02
}