{
    "location": [
        59.318803,
        18.071292
    ],
    "name": "Joe & The Juice",
    "times": 2,
    "spent": 386.0
}