{
    "location": [
        59.318923,
        18.071062
    ],
    "name": "Joe And The Juice",
    "times": 2,
    "spent": 150.0
}