{
    "location": [
        57.705545,
        11.968347
    ],
    "name": "Joe & The Juice - G\u00f6teborg",
    "times": 2,
    "spent": 268.2
}