{
    "location": [
        57.698059,
        11.952616
    ],
    "name": "Kaffe Labet",
    "times": 6,
    "spent": 227.2
}