{
    "location": [
        57.698059,
        11.952616
    ],
    "name": "Kaffe Labet",
    "times": 2,
    "spent": 65.0
}