{
    "location": [
        57.698059,
        11.952616
    ],
    "name": "Kaffe Labet",
    "times": 7,
    "spent": 210.0
}