{
    "location": [
        57.698059,
        11.952616
    ],
    "name": "Kaffe Labet",
    "times": 5,
    "spent": 150.0
}