{
    "location": [
        57.698059,
        11.952616
    ],
    "name": "Kaffe Labet",
    "times": 8,
    "spent": 245.0
}