{
  "name": "Kajsas Fisk",
  "spent": 400.0,
  "times": 3,
  "location": [
    59.334262,
    18.062618
  ]
}