{
  "name": "Kajsas Fisk",
  "spent": 270.0,
  "times": 2,
  "location": [
    59.334262,
    18.062618
  ]
}