{
    "location": [
        57.696235,
        11.95231
    ],
    "name": "Kastello",
    "times": 3,
    "spent": 200.0
}