{
    "location": [
        57.696235,
        11.95231
    ],
    "name": "Kastello",
    "times": 2,
    "spent": 95.0
}