{
  "name": "Kastello",
  "spent": 200.0,
  "times": 3,
  "location": [
    57.696235,
    11.95231
  ]
}