{
    "location": [
        57.696235,
        11.95231
    ],
    "name": "Kastello",
    "times": 4,
    "spent": 235.0
}