{
  "name": "Kastello",
  "spent": 140.0,
  "times": 2,
  "location": [
    57.696235,
    11.95231
  ]
}