{
  "name": "koie ramen",
  "spent": 1509.0,
  "times": 8,
  "location": [
    57.704636,
    11.961785
  ]
}