{
    "location": [
        57.704636,
        11.961785
    ],
    "name": "koie ramen",
    "times": 9,
    "spent": 1829.0
}