{
    "location": [
        57.704636,
        11.961785
    ],
    "name": "koie ramen",
    "times": 5,
    "spent": 1290.0
}