{
    "location": [
        57.704636,
        11.961785
    ],
    "name": "koie ramen",
    "times": 7,
    "spent": 2175.0
}