{
    "location": [
        57.704636,
        11.961785
    ],
    "name": "koie ramen",
    "times": 11,
    "spent": 2189.0
}