{
    "location": [
        57.704636,
        11.961785
    ],
    "name": "koie ramen",
    "times": 4,
    "spent": 1349.0
}