{
    "location": [
        57.704636,
        11.961785
    ],
    "name": "koie ramen",
    "times": 6,
    "spent": 1869.0
}