{
  "name": "koie ramen",
  "spent": 2189.0,
  "times": 11,
  "location": [
    57.704636,
    11.961785
  ]
}