{
    "location": [
        57.704636,
        11.961785
    ],
    "name": "Koie Ramen",
    "times": 5,
    "spent": 1722.35
}