{
    "location": [
        57.704636,
        11.961785
    ],
    "name": "koie ramen",
    "times": 8,
    "spent": 1649.0
}