{
  "name": "Kuro - Tbilisi",
  "spent": 65.62,
  "times": 2,
  "location": [
    41.706772,
    44.781744
  ]
}