{
  "name": "La Neta",
  "spent": 260.0,
  "times": 2,
  "location": [
    59.336673,
    18.058082
  ]
}