{
  "name": "La Neta",
  "spent": 380.0,
  "times": 3,
  "location": [
    59.336673,
    18.058082
  ]
}