{
    "location": [
        57.699998,
        11.984547
    ],
    "name": "La Terrazza",
    "times": 2,
    "spent": 766.0
}