{
  "name": "Lao Lao",
  "spent": 248.0,
  "times": 2,
  "location": [
    59.317697,
    18.054071
  ]
}