{
    "location": [
        57.707827,
        11.965388
    ],
    "name": "Mahogny",
    "times": 2,
    "spent": 77.0
}