{
    "location": [
        57.707827,
        11.965388
    ],
    "name": "Mahogny",
    "times": 3,
    "spent": 136.0
}