{
    "location": [
        57.698252,
        11.965896
    ],
    "name": "Manniny Espresso",
    "times": 3,
    "spent": 141.0
}