{
  "name": "Max",
  "spent": 143.0,
  "times": 2,
  "location": [
    59.315597,
    18.073084
  ]
}