{
  "name": "Max",
  "spent": 187.0,
  "times": 3,
  "location": [
    59.315597,
    18.073084
  ]
}