{
    "location": [
        57.699245,
        11.977162
    ],
    "name": "McDonald's - G\u00f6teborg",
    "times": 2,
    "spent": 221.0
}