{
    "location": [
        57.699245,
        11.977162
    ],
    "name": "McDonald's - G\u00f6teborg",
    "times": 6,
    "spent": 469.0
}