{
    "location": [
        59.317889,
        18.05361
    ],
    "name": "McDonald's",
    "times": 4,
    "spent": 522.74
}