{
  "name": "McDonald's",
  "spent": 521.0,
  "times": 7,
  "location": [
    59.317889,
    18.05361
  ]
}