{
  "name": "McDonald's",
  "spent": 491.0,
  "times": 6,
  "location": [
    59.317889,
    18.05361
  ]
}