{
    "location": [
        59.317889,
        18.05361
    ],
    "name": "McDonald's",
    "times": 7,
    "spent": 616.0
}