{
  "name": "Mikkeller",
  "spent": 546.25,
  "times": 3,
  "location": [
    59.314857,
    18.076491
  ]
}