{
  "name": "Mikkeller",
  "spent": 379.5,
  "times": 2,
  "location": [
    59.314857,
    18.076491
  ]
}