{
    "location": [
        57.715475,
        11.973445
    ],
    "name": "Monopolet",
    "times": 2,
    "spent": 318.0
}