{
    "location": [
        57.708091,
        11.951323
    ],
    "name": "Morgon Coffee Roasters",
    "times": 16,
    "spent": 1413.3
}