{
    "location": [
        57.708091,
        11.951323
    ],
    "name": "Morgon Coffee Roasters",
    "times": 19,
    "spent": 1485.3
}