{
    "location": [
        57.708091,
        11.951323
    ],
    "name": "Morgon Coffee Roasters",
    "times": 33,
    "spent": 2476.29
}