{
    "location": [
        57.708091,
        11.951323
    ],
    "name": "Morgon Coffee Roasters",
    "times": 41,
    "spent": 3456.29
}