{
    "location": [
        57.708091,
        11.951323
    ],
    "name": "Morgon Coffee Roasters",
    "times": 12,
    "spent": 1302.3
}