{
  "name": "Nonna",
  "spent": 991.0,
  "times": 5,
  "location": [
    57.703262,
    11.959582
  ]
}