{
  "name": "Nonna",
  "spent": 1249.0,
  "times": 7,
  "location": [
    57.703262,
    11.959582
  ]
}