{
    "location": [
        57.703262,
        11.959582
    ],
    "name": "Nonna",
    "times": 2,
    "spent": 264.0
}