{
    "location": [
        57.703262,
        11.959582
    ],
    "name": "Nonna",
    "times": 3,
    "spent": 393.0
}