{
    "location": [
        57.703262,
        11.959582
    ],
    "name": "Nonna",
    "times": 6,
    "spent": 1120.0
}