{
    "location": [
        57.703262,
        11.959582
    ],
    "name": "Nonna",
    "times": 7,
    "spent": 1255.0
}