{
  "name": "Nonna",
  "spent": 393.0,
  "times": 3,
  "location": [
    57.703262,
    11.959582
  ]
}