{
  "name": "Nonna",
  "spent": 264.0,
  "times": 2,
  "location": [
    57.703262,
    11.959582
  ]
}