{
  "name": "Nonna",
  "spent": 1384.0,
  "times": 8,
  "location": [
    57.703262,
    11.959582
  ]
}