{
    "location": [
        57.703262,
        11.959582
    ],
    "name": "Nonna",
    "times": 8,
    "spent": 1384.0
}