{
  "name": "Nonna",
  "spent": 1120.0,
  "times": 6,
  "location": [
    57.703262,
    11.959582
  ]
}