{
    "location": [
        57.703262,
        11.959582
    ],
    "name": "Nonna",
    "times": 5,
    "spent": 991.0
}