{
  "name": "Nooodle",
  "spent": 520.0,
  "times": 4,
  "location": [
    57.695921,
    11.959661
  ]
}