{
    "location": [
        57.695921,
        11.959661
    ],
    "name": "Nooodle",
    "times": 9,
    "spent": 1463.95
}