{
  "name": "Nooodle",
  "spent": 260.0,
  "times": 2,
  "location": [
    57.695921,
    11.959661
  ]
}