{
    "location": [
        57.695921,
        11.959661
    ],
    "name": "Nooodle",
    "times": 10,
    "spent": 1626.75
}