{
    "location": [
        57.695921,
        11.959661
    ],
    "name": "Nooodle",
    "times": 20,
    "spent": 3168.75
}