{
    "location": [
        57.695921,
        11.959661
    ],
    "name": "Nooodle",
    "times": 18,
    "spent": 3125.0
}