{
    "location": [
        57.695921,
        11.959661
    ],
    "name": "Nooodle",
    "times": 7,
    "spent": 1041.45
}