{
    "location": [
        57.695921,
        11.959661
    ],
    "name": "Nooodle",
    "times": 19,
    "spent": 2999.75
}