{
    "location": [
        57.695921,
        11.959661
    ],
    "name": "Nooodle",
    "times": 14,
    "spent": 2215.0
}