{
    "location": [
        57.695921,
        11.959661
    ],
    "name": "Nooodle",
    "times": 6,
    "spent": 780.0
}