{
    "location": [
        57.695921,
        11.959661
    ],
    "name": "Nooodle",
    "times": 16,
    "spent": 2648.75
}