{
    "location": [
        57.695921,
        11.959661
    ],
    "name": "Nooodle",
    "times": 15,
    "spent": 2481.5
}