{
    "location": [
        57.695921,
        11.959661
    ],
    "name": "Nooodle",
    "times": 11,
    "spent": 1545.0
}