{
    "location": [
        57.695921,
        11.959661
    ],
    "name": "Nooodle",
    "times": 17,
    "spent": 2778.75
}