{
    "location": [
        57.695921,
        11.959661
    ],
    "name": "Nooodle",
    "times": 13,
    "spent": 2237.75
}