{
    "location": [
        57.695921,
        11.959661
    ],
    "name": "Nooodle",
    "times": 8,
    "spent": 1040.0
}