{
    "location": [
        57.707136,
        11.968511
    ],
    "name": "Nordstan Kebab",
    "times": 4,
    "spent": 443.0
}