{
    "location": [
        57.707136,
        11.968511
    ],
    "name": "Nordstan Kebab",
    "times": 2,
    "spent": 224.0
}