{
    "location": [
        57.707136,
        11.968511
    ],
    "name": "Nordstan Kebab",
    "times": 3,
    "spent": 333.0
}