{
  "name": "Nordstan Kebab",
  "spent": 443.0,
  "times": 4,
  "location": [
    57.707136,
    11.968511
  ]
}