{
    "location": [
        57.713235,
        12.024676
    ],
    "name": "Oizo",
    "times": 2,
    "spent": 958.0
}