{
  "name": "Omnipollos Hatt",
  "spent": 4146.5,
  "times": 15,
  "location": [
    59.318041,
    18.072196
  ]
}