{
  "name": "Omnipollos Hatt",
  "spent": 1957.0,
  "times": 6,
  "location": [
    59.318041,
    18.072196
  ]
}