{
  "name": "Omnipollos Hatt",
  "spent": 2665.5,
  "times": 9,
  "location": [
    59.318041,
    18.072196
  ]
}