{
  "name": "Omnipollos Hatt",
  "spent": 6062.5,
  "times": 21,
  "location": [
    59.318041,
    18.072196
  ]
}