{
  "name": "Omnipollos Hatt",
  "spent": 2257.0,
  "times": 7,
  "location": [
    59.318041,
    18.072196
  ]
}