{
    "location": [
        59.318041,
        18.072196
    ],
    "name": "Omnipollos Hatt",
    "times": 4,
    "spent": 1357.0
}