{
    "location": [
        59.318041,
        18.072196
    ],
    "name": "Omnipollos Hatt",
    "times": 2,
    "spent": 757.0
}