{
  "name": "Omnipollos Hatt",
  "spent": 3265.5,
  "times": 11,
  "location": [
    59.318041,
    18.072196
  ]
}