{
  "name": "Omnipollos Hatt",
  "spent": 5031.5,
  "times": 19,
  "location": [
    59.318041,
    18.072196
  ]
}