{
  "name": "Omnipollos Hatt",
  "spent": 7497.5,
  "times": 25,
  "location": [
    59.318041,
    18.072196
  ]
}