{
  "name": "Omnipollos Hatt",
  "spent": 2407.0,
  "times": 8,
  "location": [
    59.318041,
    18.072196
  ]
}