{
  "name": "Omnipollos Hatt",
  "spent": 6857.5,
  "times": 24,
  "location": [
    59.318041,
    18.072196
  ]
}