{
  "name": "Omnipollos Hatt",
  "spent": 3986.5,
  "times": 14,
  "location": [
    59.318041,
    18.072196
  ]
}