{
  "name": "Omnipollos Hatt",
  "spent": 6300.5,
  "times": 22,
  "location": [
    59.318041,
    18.072196
  ]
}