{
    "location": [
        59.318041,
        18.072196
    ],
    "name": "Omnipollos Hatt",
    "times": 5,
    "spent": 1657.0
}