{
  "name": "Omnipollos Hatt",
  "spent": 4756.5,
  "times": 17,
  "location": [
    59.318041,
    18.072196
  ]
}