{
  "name": "Omnipollos Hatt",
  "spent": 3536.5,
  "times": 12,
  "location": [
    59.318041,
    18.072196
  ]
}