{
  "name": "Omnipollos Hatt",
  "spent": 2965.5,
  "times": 10,
  "location": [
    59.318041,
    18.072196
  ]
}