{
  "name": "Omnipollos Hatt",
  "spent": 5066.5,
  "times": 18,
  "location": [
    59.318041,
    18.072196
  ]
}