{
  "name": "Omnipollos Hatt",
  "spent": 4446.5,
  "times": 16,
  "location": [
    59.318041,
    18.072196
  ]
}