{
  "name": "Omnipollos Hatt",
  "spent": 3836.5,
  "times": 13,
  "location": [
    59.318041,
    18.072196
  ]
}