{
    "location": [
        59.318041,
        18.072196
    ],
    "name": "Omnipollos Hatt",
    "times": 3,
    "spent": 1057.0
}