{
  "name": "Omnipollos Hatt",
  "spent": 5786.5,
  "times": 20,
  "location": [
    59.318041,
    18.072196
  ]
}