{
  "name": "Omnipollos Hatt",
  "spent": 6576.5,
  "times": 23,
  "location": [
    59.318041,
    18.072196
  ]
}