{
  "name": "Omnipollos Hatt",
  "spent": 1657.0,
  "times": 5,
  "location": [
    59.318041,
    18.072196
  ]
}