{
  "name": "Omnipollos Hatt",
  "spent": 7647.5,
  "times": 26,
  "location": [
    59.318041,
    18.072196
  ]
}