{
    "location": [
        57.71577,
        11.973805
    ],
    "name": "Pagoden",
    "times": 20,
    "spent": 2500.0
}