{
    "location": [
        57.71577,
        11.973805
    ],
    "name": "Pagoden",
    "times": 29,
    "spent": 3639.0
}