{
    "location": [
        57.71577,
        11.973805
    ],
    "name": "Pagoden",
    "times": 2,
    "spent": 250.0
}