{
    "location": [
        57.71577,
        11.973805
    ],
    "name": "Pagoden",
    "times": 27,
    "spent": 3389.0
}