{
    "location": [
        57.71577,
        11.973805
    ],
    "name": "Pagoden",
    "times": 12,
    "spent": 1500.0
}