{
    "location": [
        57.71577,
        11.973805
    ],
    "name": "Pagoden",
    "times": 24,
    "spent": 3000.0
}