{
    "location": [
        57.71577,
        11.973805
    ],
    "name": "Pagoden",
    "times": 23,
    "spent": 2875.0
}