{
    "location": [
        57.71577,
        11.973805
    ],
    "name": "Pagoden",
    "times": 17,
    "spent": 2139.0
}