{
    "location": [
        57.71577,
        11.973805
    ],
    "name": "Pagoden",
    "times": 13,
    "spent": 1625.0
}