{
    "location": [
        57.71577,
        11.973805
    ],
    "name": "Pagoden",
    "times": 21,
    "spent": 2639.0
}