{
    "location": [
        57.71577,
        11.973805
    ],
    "name": "Pagoden",
    "times": 15,
    "spent": 1875.0
}