{
    "location": [
        57.71577,
        11.973805
    ],
    "name": "Pagoden",
    "times": 14,
    "spent": 1750.0
}