{
    "location": [
        57.71577,
        11.973805
    ],
    "name": "Pagoden",
    "times": 26,
    "spent": 3264.0
}