{
    "location": [
        57.71577,
        11.973805
    ],
    "name": "Pagoden",
    "times": 9,
    "spent": 1139.0
}