{
    "location": [
        57.71577,
        11.973805
    ],
    "name": "Pagoden",
    "times": 5,
    "spent": 639.0
}