{
    "location": [
        57.71577,
        11.973805
    ],
    "name": "Pagoden",
    "times": 28,
    "spent": 3514.0
}