{
    "location": [
        57.71577,
        11.973805
    ],
    "name": "Pagoden",
    "times": 22,
    "spent": 2750.0
}