{
    "location": [
        57.692812,
        11.952981
    ],
    "name": "Pinch Pantry",
    "times": 2,
    "spent": 138.09
}