{
    "location": [
        57.71364,
        11.971329
    ],
    "name": "Poppels Citybryggeri",
    "times": 41,
    "spent": 6080.0
}