{
    "location": [
        57.71364,
        11.971329
    ],
    "name": "Poppels Citybryggeri",
    "times": 58,
    "spent": 8375.0
}