{
    "location": [
        57.71364,
        11.971329
    ],
    "name": "Poppels Citybryggeri",
    "times": 12,
    "spent": 1755.0
}