{
    "location": [
        57.71364,
        11.971329
    ],
    "name": "Poppels Citybryggeri",
    "times": 30,
    "spent": 4050.0
}