{
    "location": [
        57.71364,
        11.971329
    ],
    "name": "Poppels Citybryggeri",
    "times": 23,
    "spent": 3240.0
}