{
  "name": "Prime Burger",
  "spent": 315.0,
  "times": 2,
  "location": [
    59.336478,
    18.061049
  ]
}