{
    "location": [
        41.706096,
        44.781474
    ],
    "name": "pulp tbilisi",
    "times": 2,
    "spent": 217.54880138190785
}