{
  "name": "Råda Gelato",
  "spent": 135.0,
  "times": 2,
  "location": [
    57.696235,
    11.95231
  ]
}