{
    "location": [
        57.696235,
        11.95231
    ],
    "name": "R\u00e5da Gelato",
    "times": 2,
    "spent": 135.0
}