{
    "location": [
        57.728254,
        11.949048
    ],
    "name": "Salko Cevaboznica",
    "times": 3,
    "spent": 819.0
}