{
    "location": [
        57.728254,
        11.949048
    ],
    "name": "Salko Cevaboznica",
    "times": 2,
    "spent": 489.0
}