{
    "location": [
        57.70815,
        11.93724
    ],
    "name": "shiro",
    "times": 2,
    "spent": 288.0
}