{
    "location": [
        44.815323,
        20.460383
    ],
    "name": "Skroz Dobra Pekara",
    "times": 3,
    "spent": 167.52370182513985
}