{
    "location": [
        57.709426,
        11.985551
    ],
    "name": "Steamy Pho",
    "times": 2,
    "spent": 330.0
}