{
  "name": "Susherian",
  "spent": 270.0,
  "times": 2,
  "location": [
    59.308812,
    18.077144
  ]
}