{
  "name": "Susherian",
  "spent": 715.0,
  "times": 5,
  "location": [
    59.308812,
    18.077144
  ]
}