{
  "name": "Susherian",
  "spent": 540.0,
  "times": 4,
  "location": [
    59.308812,
    18.077144
  ]
}