{
  "name": "Susherian",
  "spent": 405.0,
  "times": 3,
  "location": [
    59.308812,
    18.077144
  ]
}