{
    "location": [
        59.308812,
        18.077144
    ],
    "name": "Susherian",
    "times": 2,
    "spent": 270.0
}