{
    "location": [
        57.677306,
        11.928185
    ],
    "name": "Sylvain Marron",
    "times": 4,
    "spent": 373.7
}