{
    "location": [
        57.677306,
        11.928185
    ],
    "name": "Sylvain Marron",
    "times": 6,
    "spent": 649.3
}