{
    "location": [
        57.677306,
        11.928185
    ],
    "name": "Sylvain Marron",
    "times": 2,
    "spent": 183.0
}