{
    "location": [
        57.677306,
        11.928185
    ],
    "name": "Sylvain Marron",
    "times": 5,
    "spent": 467.3
}