{
    "location": [
        57.677306,
        11.928185
    ],
    "name": "Sylvain Marron",
    "times": 8,
    "spent": 1195.19
}