{
  "name": "Take Ramen",
  "spent": 315.0,
  "times": 2,
  "location": [
    59.340591,
    18.040607
  ]
}