{
  "name": "The Good Gringo",
  "spent": 230.0,
  "times": 2,
  "location": [
    59.332369,
    18.04524
  ]
}