{
  "name": "The Market",
  "spent": 370.0,
  "times": 2,
  "location": [
    59.331216,
    18.059258
  ]
}