{
  "name": "The Market",
  "spent": 555.0,
  "times": 3,
  "location": [
    59.331216,
    18.059258
  ]
}