{
  "name": "Tonys Coffeebar",
  "spent": 310.0,
  "times": 5,
  "location": [
    57.697588,
    11.986249
  ]
}