{
    "location": [
        57.697588,
        11.986249
    ],
    "name": "Tonys Coffeebar",
    "times": 4,
    "spent": 265.0
}