{
    "location": [
        57.697588,
        11.986249
    ],
    "name": "Tonys Coffeebar",
    "times": 5,
    "spent": 310.0
}