{
    "location": [
        57.697588,
        11.986249
    ],
    "name": "Tonys Coffeebar",
    "times": 2,
    "spent": 133.0
}