{
    "location": [
        57.700095,
        11.984407
    ],
    "name": "Trattoria Da Pasquale",
    "times": 3,
    "spent": 895.65
}