{
    "location": [
        57.700095,
        11.984407
    ],
    "name": "Trattoria Da Pasquale",
    "times": 4,
    "spent": 1160.65
}