{
  "name": "Trattoria Da Pasquale",
  "spent": 1160.65,
  "times": 4,
  "location": [
    57.700095,
    11.984407
  ]
}