{
    "location": [
        57.700095,
        11.984407
    ],
    "name": "Trattoria Da Pasquale",
    "times": 2,
    "spent": 579.65
}