{
    "location": [
        57.708449,
        11.986409
    ],
    "name": "Ullevi Thaik\u00f6k",
    "times": 2,
    "spent": 257.0
}