{
    "location": [
        57.708449,
        11.986409
    ],
    "name": "Ullevi Thaik\u00f6k",
    "times": 19,
    "spent": 2454.0
}