{
  "name": "Ullevi Thaikök",
  "spent": 3626.0,
  "times": 28,
  "location": [
    57.708449,
    11.986409
  ]
}