{
    "location": [
        57.708449,
        11.986409
    ],
    "name": "Ullevi Thaik\u00f6k",
    "times": 31,
    "spent": 4012.0
}