{
  "name": "Ullevi Thaikök",
  "spent": 3755.0,
  "times": 29,
  "location": [
    57.708449,
    11.986409
  ]
}