{
  "name": "Ullevi Thaikök",
  "spent": 3110.0,
  "times": 24,
  "location": [
    57.708449,
    11.986409
  ]
}