{
  "name": "Ullevi Thaikök",
  "spent": 3368.0,
  "times": 26,
  "location": [
    57.708449,
    11.986409
  ]
}