{
  "name": "Ullevi Thaikök",
  "spent": 2981.0,
  "times": 23,
  "location": [
    57.708449,
    11.986409
  ]
}