{
  "name": "Ullevi Thaikök",
  "spent": 3239.0,
  "times": 25,
  "location": [
    57.708449,
    11.986409
  ]
}