{
  "name": "Ullevi Thaikök",
  "spent": 2719.0,
  "times": 21,
  "location": [
    57.708449,
    11.986409
  ]
}