{
  "name": "Ullevi Thaikök",
  "spent": 3497.0,
  "times": 27,
  "location": [
    57.708449,
    11.986409
  ]
}