{
    "location": [
        57.708449,
        11.986409
    ],
    "name": "Ullevi Thaik\u00f6k",
    "times": 12,
    "spent": 1551.0
}