{
  "name": "Umizu",
  "spent": 566.0,
  "times": 3,
  "location": [
    57.699246,
    11.97778
  ]
}