{
    "location": [
        57.699246,
        11.97778
    ],
    "name": "Umizu",
    "times": 3,
    "spent": 566.0
}