{
    "location": [
        57.699246,
        11.97778
    ],
    "name": "Umizu",
    "times": 2,
    "spent": 397.0
}