{
    "location": [
        57.711676,
        11.946318
    ],
    "name": "Uni3 World Of Food",
    "times": 94,
    "spent": 13009.0
}