{
    "location": [
        57.711676,
        11.946318
    ],
    "name": "Uni3 World Of Food",
    "times": 110,
    "spent": 15169.0
}