{
    "location": [
        57.711676,
        11.946318
    ],
    "name": "Uni3 World Of Food",
    "times": 193,
    "spent": 26566.0
}