{
    "location": [
        57.719214,
        11.973553
    ],
    "name": "Vega Bryggeri",
    "times": 2,
    "spent": 639.0
}