{
    "location": [
        57.719214,
        11.973553
    ],
    "name": "Vega Bryggeri",
    "times": 3,
    "spent": 1066.7
}