{
    "location": [
        57.697449,
        11.978164
    ],
    "name": "Viktors Kaffe",
    "times": 2,
    "spent": 397.05
}