{
    "location": [
        57.697449,
        11.978164
    ],
    "name": "Viktors Kaffe",
    "times": 5,
    "spent": 833.1
}