{
    "location": [
        57.697449,
        11.978164
    ],
    "name": "Viktors Kaffe",
    "times": 7,
    "spent": 1308.3
}