{
  "name": "Viktors Kaffe",
  "spent": 226.0,
  "times": 3,
  "location": [
    57.697449,
    11.978164
  ]
}