{
  "name": "Viktors Kaffe",
  "spent": 102.0,
  "times": 2,
  "location": [
    57.697449,
    11.978164
  ]
}