{
    "location": [
        57.697449,
        11.978164
    ],
    "name": "Viktors Kaffe",
    "times": 9,
    "spent": 1184.0
}