{
  "name": "Viktors Kaffe",
  "spent": 266.0,
  "times": 4,
  "location": [
    57.697449,
    11.978164
  ]
}