{
    "location": [
        57.697449,
        11.978164
    ],
    "name": "Viktors Kaffe",
    "times": 6,
    "spent": 781.5
}