{
    "location": [
        57.699106,
        11.969203
    ],
    "name": "Waffles Goteborg",
    "times": 3,
    "spent": 255.0
}