{
    "location": [
        57.699106,
        11.969203
    ],
    "name": "Waffles Goteborg",
    "times": 2,
    "spent": 170.0
}