{
    "location": [
        57.719522,
        12.026042
    ],
    "name": "Yi Li",
    "times": 2,
    "spent": 1028.33
}