{
    "location": [
        57.707053,
        11.973963
    ],
    "name": "Zozaki",
    "times": 2,
    "spent": 571.0
}