{
  "name": "Zozaki",
  "spent": 813.0,
  "times": 4,
  "location": [
    57.707053,
    11.973963
  ]
}