{
    "location": [
        57.707053,
        11.973963
    ],
    "name": "Zozaki",
    "times": 4,
    "spent": 813.0
}