{
    "location": [
        57.707053,
        11.973963
    ],
    "name": "Zozaki",
    "times": 3,
    "spent": 694.0
}