{
  "name": "Zozaki",
  "spent": 513.0,
  "times": 3,
  "location": [
    57.707053,
    11.973963
  ]
}